{
  "model_type": "numpy_pairwise_logistic_ranker",
  "feature_names": [
    "best_relevance",
    "second_relevance",
    "best_production",
    "best_retrieval",
    "best_evaluation",
    "best_ownership",
    "best_transferability",
    "mission_coverage",
    "relevant_project_count",
    "unique_project_archetypes",
    "years_fit",
    "product_company_history",
    "services_only_history",
    "location_fit",
    "activity_score",
    "open_to_work",
    "recruiter_response_rate",
    "notice_fit",
    "github_fit",
    "saved_by_recruiters_log",
    "skill_assessment_corroboration",
    "contradiction_count",
    "disqualifier_count"
  ],
  "weights": [
    0.4355040785609992,
    0.5440843958544592,
    0.2681494734644088,
    0.4585814026891713,
    0.35874234501945024,
    0.1576586585780963,
    0.45149217972854566,
    0.39382861741148023,
    0.319704136985037,
    -0.10219246772268813,
    0.23815053241450654,
    0.25148297803351144,
    -0.004946858058007627,
    0.06256938502948149,
    0.14849017835132633,
    0.05650433534405965,
    0.09593227703380822,
    0.03037175166585095,
    0.10121138542032625,
    0.07867744093578483,
    0.05204710838471218,
    -0.15945702740896484,
    -0.6445417526186737
  ],
  "mean": [
    -0.0034566767433258077,
    0.0018877791808568987,
    -0.001568897562468909,
    -0.004847000599497443,
    -0.005293434865240628,
    -0.0026020740060459955,
    -0.0035332083317389253,
    -0.003137795124937818,
    -0.00029337108891695047,
    -0.000369902677330068,
    -9.101104419790842e-05,
    -0.0021683950050383296,
    -0.0006632737662470184,
    0.0017984923277082675,
    -0.0004717432237656113,
    -0.002959221418640544,
    0.0014162170435847437,
    -0.0010491205244964848,
    -0.00017812727203152625,
    -0.006260174874679489,
    0.0004062937219883835,
    -0.0002551052947103917,
    0.003048508271789181
  ],
  "scale": [
    1.886456908564102,
    1.9535927693186552,
    1.6500677542865136,
    2.3336043436652547,
    1.8894051173341617,
    1.1473282269889076,
    1.8472795557055726,
    2.0163088042075743,
    1.3031588949753228,
    1.2453819810357347,
    0.395755659911405,
    0.6869046885555953,
    0.3326623467017307,
    0.40948050847658674,
    0.2428496515424073,
    0.6845766428389966,
    0.2912783291925893,
    0.272940082744595,
    0.40532875956093156,
    1.2595383734266223,
    0.14837672186416226,
    0.23167669051595885,
    1.7203139207129958
  ]
}
